region,year,cum_TFP
Absheron-Khizi economic region,2000,1.0
Absheron-Khizi economic region,2001,1.0641593138769339
Absheron-Khizi economic region,2002,1.2274991503209354
Absheron-Khizi economic region,2003,1.2868121213230053
Absheron-Khizi economic region,2004,1.278426479231244
Absheron-Khizi economic region,2005,1.352011490442327
Absheron-Khizi economic region,2006,1.350476588452156
Absheron-Khizi economic region,2007,1.2335125466599768
Absheron-Khizi economic region,2008,1.2204305166311544
Absheron-Khizi economic region,2009,1.1813965499625743
Absheron-Khizi economic region,2010,0.7920708434925788
Absheron-Khizi economic region,2011,1.1328586024470244
Absheron-Khizi economic region,2012,1.147692042860029
Absheron-Khizi economic region,2013,1.702512387292869
Absheron-Khizi economic region,2014,1.787148819601146
Absheron-Khizi economic region,2015,0.8328094976679696
Absheron-Khizi economic region,2016,1.3822653631268134
Absheron-Khizi economic region,2017,1.4499714442451967
Absheron-Khizi economic region,2018,1.5055783805118723
Absheron-Khizi economic region,2019,2.0347150291098752
Absheron-Khizi economic region,2020,3.4340814082386992
Absheron-Khizi economic region,2021,3.4492418059013725
Absheron-Khizi economic region,2022,4.111716469714994
Absheron-Khizi economic region,2023,3.998736476364468
Absheron-Khizi economic region,2024,3.7871531133558674
Central Aran economic region,2000,1.0
Central Aran economic region,2001,0.9932207924945327
Central Aran economic region,2002,1.0065307165809256
Central Aran economic region,2003,0.8015371538412016
Central Aran economic region,2004,0.6241931684154881
Central Aran economic region,2005,0.5153794794980775
Central Aran economic region,2006,0.442667734400265
Central Aran economic region,2007,0.4818637847373183
Central Aran economic region,2008,0.47351109794431073
Central Aran economic region,2009,0.439946098701426
Central Aran economic region,2010,0.5436128984043165
Central Aran economic region,2011,0.45793289239218893
Central Aran economic region,2012,0.5459204531401413
Central Aran economic region,2013,0.5737605270780978
Central Aran economic region,2014,0.6140311815100835
Central Aran economic region,2015,0.5966159488755312
Central Aran economic region,2016,0.5997417872705478
Central Aran economic region,2017,0.574147816800167
Central Aran economic region,2018,0.7383359115788043
Central Aran economic region,2019,0.8130645687727478
Central Aran economic region,2020,0.8272545416431618
Central Aran economic region,2021,0.7248638841474377
Central Aran economic region,2022,0.7240316706341114
Central Aran economic region,2023,0.5946203246427031
Central Aran economic region,2024,0.7720487926819756
Daghlig Shirvan economic region,2000,1.0
Daghlig Shirvan economic region,2001,0.7606265807141123
Daghlig Shirvan economic region,2002,0.8450776590052033
Daghlig Shirvan economic region,2003,0.8580660905949781
Daghlig Shirvan economic region,2004,0.9269892283039848
Daghlig Shirvan economic region,2005,0.5181782749973715
Daghlig Shirvan economic region,2006,0.3116337061473194
Daghlig Shirvan economic region,2007,0.5205665439256894
Daghlig Shirvan economic region,2008,0.5703774695839654
Daghlig Shirvan economic region,2009,0.3317695724598994
Daghlig Shirvan economic region,2010,0.7162953097400819
Daghlig Shirvan economic region,2011,0.31786867931335144
Daghlig Shirvan economic region,2012,0.502069141116666
Daghlig Shirvan economic region,2013,0.38283339030734925
Daghlig Shirvan economic region,2014,0.43446871305714424
Daghlig Shirvan economic region,2015,0.48710725184333026
Daghlig Shirvan economic region,2016,0.4377781419841979
Daghlig Shirvan economic region,2017,0.6126245733016276
Daghlig Shirvan economic region,2018,0.5867300091981044
Daghlig Shirvan economic region,2019,0.7352934252219169
Daghlig Shirvan economic region,2020,0.8026364303546334
Daghlig Shirvan economic region,2021,0.780512601288736
Daghlig Shirvan economic region,2022,0.9588733496766401
Daghlig Shirvan economic region,2023,0.7421214236271062
Daghlig Shirvan economic region,2024,1.3765668535519895
Eastern Zangazur economic region,2000,1.0
Eastern Zangazur economic region,2001,0.17800375830718881
Eastern Zangazur economic region,2002,0.18642924813539927
Eastern Zangazur economic region,2003,0.15202076999978115
Eastern Zangazur economic region,2004,0.13962545466247855
Eastern Zangazur economic region,2005,0.04836625764392716
Eastern Zangazur economic region,2006,0.0473968552409105
Eastern Zangazur economic region,2007,0.029579808129031104
Eastern Zangazur economic region,2008,0.03112778981578278
Eastern Zangazur economic region,2009,0.03885718684448923
Eastern Zangazur economic region,2010,0.04421075268224667
Eastern Zangazur economic region,2011,0.03608821272325803
Eastern Zangazur economic region,2012,0.04187595363208877
Eastern Zangazur economic region,2013,0.04498106788313339
Eastern Zangazur economic region,2014,0.07040579655030044
Eastern Zangazur economic region,2015,0.06724770861725904
Eastern Zangazur economic region,2016,0.06441971983039761
Eastern Zangazur economic region,2017,0.07148991213855037
Eastern Zangazur economic region,2018,0.06425296971786017
Eastern Zangazur economic region,2019,0.06527580048573745
Eastern Zangazur economic region,2020,0.06424707961641103
Eastern Zangazur economic region,2021,0.03758446771941428
Eastern Zangazur economic region,2022,0.043843062242059395
Eastern Zangazur economic region,2023,0.0395845181140645
Eastern Zangazur economic region,2024,0.06261670709600844
Ganja-Dashkasan economic region,2000,1.0
Ganja-Dashkasan economic region,2001,0.9627771367746418
Ganja-Dashkasan economic region,2002,1.0371655710282064
Ganja-Dashkasan economic region,2003,0.6918226705493571
Ganja-Dashkasan economic region,2004,0.7706543590795933
Ganja-Dashkasan economic region,2005,0.7204895246460893
Ganja-Dashkasan economic region,2006,0.6608563964355015
Ganja-Dashkasan economic region,2007,0.8168649779247537
Ganja-Dashkasan economic region,2008,0.8016145097548742
Ganja-Dashkasan economic region,2009,0.8394739159441283
Ganja-Dashkasan economic region,2010,0.9196408681841647
Ganja-Dashkasan economic region,2011,0.809218455176623
Ganja-Dashkasan economic region,2012,0.9269858715731355
Ganja-Dashkasan economic region,2013,0.951263187394056
Ganja-Dashkasan economic region,2014,1.0510927967212211
Ganja-Dashkasan economic region,2015,1.1299849705629168
Ganja-Dashkasan economic region,2016,1.2336107360465258
Ganja-Dashkasan economic region,2017,1.3902853034747413
Ganja-Dashkasan economic region,2018,1.4553200079123678
Ganja-Dashkasan economic region,2019,1.753912296613236
Ganja-Dashkasan economic region,2020,1.7481492865856014
Ganja-Dashkasan economic region,2021,1.9599576007396404
Ganja-Dashkasan economic region,2022,2.023141492738858
Ganja-Dashkasan economic region,2023,1.7856444266537463
Ganja-Dashkasan economic region,2024,2.4121864530349693
Gazakh-Tovuz economic region,2000,1.0
Gazakh-Tovuz economic region,2001,0.9838162931282542
Gazakh-Tovuz economic region,2002,0.9083403167975612
Gazakh-Tovuz economic region,2003,0.6890047456755306
Gazakh-Tovuz economic region,2004,0.7595316418765168
Gazakh-Tovuz economic region,2005,0.4833364789214879
Gazakh-Tovuz economic region,2006,0.47294031652239826
Gazakh-Tovuz economic region,2007,0.5752556062699267
Gazakh-Tovuz economic region,2008,0.608690194696738
Gazakh-Tovuz economic region,2009,0.5975644425563387
Gazakh-Tovuz economic region,2010,0.8407811354921223
Gazakh-Tovuz economic region,2011,0.754599541198574
Gazakh-Tovuz economic region,2012,0.8282564947082456
Gazakh-Tovuz economic region,2013,0.8427512187045971
Gazakh-Tovuz economic region,2014,0.9431044401035708
Gazakh-Tovuz economic region,2015,0.9563046369062135
Gazakh-Tovuz economic region,2016,0.9863422638348109
Gazakh-Tovuz economic region,2017,1.0019825697761344
Gazakh-Tovuz economic region,2018,1.2109218104411115
Gazakh-Tovuz economic region,2019,1.200133566524922
Gazakh-Tovuz economic region,2020,1.2635543525751545
Gazakh-Tovuz economic region,2021,1.2013485323545041
Gazakh-Tovuz economic region,2022,1.245088376774131
Gazakh-Tovuz economic region,2023,0.9958850274876734
Gazakh-Tovuz economic region,2024,1.362949799842801
Guba-Khachmaz economic region,2000,1.0
Guba-Khachmaz economic region,2001,1.0028870893967285
Guba-Khachmaz economic region,2002,1.004512212714579
Guba-Khachmaz economic region,2003,0.9629606170302042
Guba-Khachmaz economic region,2004,0.96921856750246
Guba-Khachmaz economic region,2005,0.74380103423886
Guba-Khachmaz economic region,2006,0.47373775760917414
Guba-Khachmaz economic region,2007,0.45616558443369565
Guba-Khachmaz economic region,2008,0.4578384522304701
Guba-Khachmaz economic region,2009,0.46446729846697654
Guba-Khachmaz economic region,2010,0.47874964400412057
Guba-Khachmaz economic region,2011,0.377317667176138
Guba-Khachmaz economic region,2012,0.4155674938503413
Guba-Khachmaz economic region,2013,0.4383436626220363
Guba-Khachmaz economic region,2014,0.5408170881889455
Guba-Khachmaz economic region,2015,0.5568388814867267
Guba-Khachmaz economic region,2016,0.5694119169210626
Guba-Khachmaz economic region,2017,0.6552665306648459
Guba-Khachmaz economic region,2018,0.7388908910510814
Guba-Khachmaz economic region,2019,0.8580099940373488
Guba-Khachmaz economic region,2020,0.9202316270742988
Guba-Khachmaz economic region,2021,0.892865087726944
Guba-Khachmaz economic region,2022,0.9494355894052516
Guba-Khachmaz economic region,2023,0.7699214700893049
Guba-Khachmaz economic region,2024,1.1059401932228154
Karabakh economic region,2000,1.0
Karabakh economic region,2001,0.9856411022395015
Karabakh economic region,2002,0.8674250114762537
Karabakh economic region,2003,0.7316337629364524
Karabakh economic region,2004,0.8077991076351597
Karabakh economic region,2005,0.6890701672252053
Karabakh economic region,2006,0.5578905967508886
Karabakh economic region,2007,0.5665051579769294
Karabakh economic region,2008,0.5562030567632835
Karabakh economic region,2009,0.5397091056440055
Karabakh economic region,2010,0.5457319531511788
Karabakh economic region,2011,0.46083956760546835
Karabakh economic region,2012,0.4788383531876935
Karabakh economic region,2013,0.5721897239200681
Karabakh economic region,2014,0.7037446658586045
Karabakh economic region,2015,0.8932699019688582
Karabakh economic region,2016,1.021173961442176
Karabakh economic region,2017,1.054899587006363
Karabakh economic region,2018,1.1014029776686172
Karabakh economic region,2019,1.3525565356230063
Karabakh economic region,2020,1.4796136036465093
Karabakh economic region,2021,1.3152586727675342
Karabakh economic region,2022,1.3449922634842788
Karabakh economic region,2023,1.130462170997584
Karabakh economic region,2024,1.3771460122759225
Lankaran-Astara economic region,2000,1.0
Lankaran-Astara economic region,2001,0.6626953638303628
Lankaran-Astara economic region,2002,1.881352373593176
Lankaran-Astara economic region,2003,0.43832390483685835
Lankaran-Astara economic region,2004,0.3091956161533282
Lankaran-Astara economic region,2005,0.2098562693564264
Lankaran-Astara economic region,2006,0.10151148151207973
Lankaran-Astara economic region,2007,0.1232866560757005
Lankaran-Astara economic region,2008,0.10678707005254577
Lankaran-Astara economic region,2009,0.17050714306809056
Lankaran-Astara economic region,2010,0.10150699004602003
Lankaran-Astara economic region,2011,0.04873643094917086
Lankaran-Astara economic region,2012,0.1892449377606425
Lankaran-Astara economic region,2013,0.08333783834483434
Lankaran-Astara economic region,2014,0.08554237986143319
Lankaran-Astara economic region,2015,0.07300358872001737
Lankaran-Astara economic region,2016,0.07649366836873626
Lankaran-Astara economic region,2017,0.11116459057976788
Lankaran-Astara economic region,2018,0.08597151404435405
Lankaran-Astara economic region,2019,0.13021599321686728
Lankaran-Astara economic region,2020,0.13457452131493602
Lankaran-Astara economic region,2021,0.14099452476224777
Lankaran-Astara economic region,2022,0.17791921117969692
Lankaran-Astara economic region,2023,0.10950189942971632
Lankaran-Astara economic region,2024,0.18417925948917388
Mil-Mughan economic region,2000,1.0
Mil-Mughan economic region,2001,0.9005641207329409
Mil-Mughan economic region,2002,0.8875587664495662
Mil-Mughan economic region,2003,0.6831453942430992
Mil-Mughan economic region,2004,0.7291750511349857
Mil-Mughan economic region,2005,0.5793309659902129
Mil-Mughan economic region,2006,0.486974018083754
Mil-Mughan economic region,2007,0.5172072141862708
Mil-Mughan economic region,2008,0.5261182032415511
Mil-Mughan economic region,2009,0.5660833791055173
Mil-Mughan economic region,2010,0.6048681935528417
Mil-Mughan economic region,2011,0.522030378352387
Mil-Mughan economic region,2012,0.5635132086183327
Mil-Mughan economic region,2013,0.5540492951123727
Mil-Mughan economic region,2014,0.5955191566720771
Mil-Mughan economic region,2015,0.5746894483973916
Mil-Mughan economic region,2016,0.5574482720607032
Mil-Mughan economic region,2017,0.5614167724338287
Mil-Mughan economic region,2018,0.5832306755682738
Mil-Mughan economic region,2019,0.6273128126717967
Mil-Mughan economic region,2020,0.6222826455192718
Mil-Mughan economic region,2021,0.5867355491890428
Mil-Mughan economic region,2022,0.5773191452498361
Mil-Mughan economic region,2023,0.45698192269699695
Mil-Mughan economic region,2024,0.6018137068932252
Nakhchivan Autonomous Republic,2000,1.0
Nakhchivan Autonomous Republic,2001,0.9392770893313301
Nakhchivan Autonomous Republic,2002,1.0220017758510669
Nakhchivan Autonomous Republic,2003,0.7395903467159138
Nakhchivan Autonomous Republic,2004,0.7658503246640604
Nakhchivan Autonomous Republic,2005,0.5930962825137628
Nakhchivan Autonomous Republic,2006,0.4453272948429054
Nakhchivan Autonomous Republic,2007,0.5107966276527373
Nakhchivan Autonomous Republic,2008,0.5116482072125774
Nakhchivan Autonomous Republic,2009,0.47998474692918347
Nakhchivan Autonomous Republic,2010,0.46481269615837706
Nakhchivan Autonomous Republic,2011,0.3586958381148568
Nakhchivan Autonomous Republic,2012,0.4063013262481236
Nakhchivan Autonomous Republic,2013,0.3784324126375095
Nakhchivan Autonomous Republic,2014,0.3975799629461965
Nakhchivan Autonomous Republic,2015,0.38397648351276675
Nakhchivan Autonomous Republic,2016,0.3837462552118699
Nakhchivan Autonomous Republic,2017,0.4088802413521787
Nakhchivan Autonomous Republic,2018,0.4201580989632314
Nakhchivan Autonomous Republic,2019,0.4499023323779852
Nakhchivan Autonomous Republic,2020,0.46027512970152307
Nakhchivan Autonomous Republic,2021,0.44114268761526965
Nakhchivan Autonomous Republic,2022,0.43852282692021904
Nakhchivan Autonomous Republic,2023,0.7308031278187411
Nakhchivan Autonomous Republic,2024,0.9790162013818577
Shaki-Zagatala economic region,2000,1.0
Shaki-Zagatala economic region,2001,0.9351134449410681
Shaki-Zagatala economic region,2002,1.1026330513038916
Shaki-Zagatala economic region,2003,0.8478273837644015
Shaki-Zagatala economic region,2004,0.8661730046757886
Shaki-Zagatala economic region,2005,0.6369690618554743
Shaki-Zagatala economic region,2006,0.5197099582175978
Shaki-Zagatala economic region,2007,0.5896183755088625
Shaki-Zagatala economic region,2008,0.6360004299065828
Shaki-Zagatala economic region,2009,0.5912768806866747
Shaki-Zagatala economic region,2010,0.5998204933026602
Shaki-Zagatala economic region,2011,0.4716093258828667
Shaki-Zagatala economic region,2012,0.5514608154211418
Shaki-Zagatala economic region,2013,0.5787568675068211
Shaki-Zagatala economic region,2014,0.7101055220339336
Shaki-Zagatala economic region,2015,0.6783836526697151
Shaki-Zagatala economic region,2016,0.6709781360247268
Shaki-Zagatala economic region,2017,0.732939422366982
Shaki-Zagatala economic region,2018,0.7485187343146735
Shaki-Zagatala economic region,2019,0.7772159522376145
Shaki-Zagatala economic region,2020,0.8242578828229712
Shaki-Zagatala economic region,2021,0.80945899300618
Shaki-Zagatala economic region,2022,0.8349139013511511
Shaki-Zagatala economic region,2023,0.7175180997204866
Shaki-Zagatala economic region,2024,1.025190635045982
Shirvan-Salyan economic region,2000,1.0
Shirvan-Salyan economic region,2001,0.8580227088182893
Shirvan-Salyan economic region,2002,0.9131619476339442
Shirvan-Salyan economic region,2003,0.6572257252427874
Shirvan-Salyan economic region,2004,0.6599145808835198
Shirvan-Salyan economic region,2005,0.48466154346433393
Shirvan-Salyan economic region,2006,0.4137976767252353
Shirvan-Salyan economic region,2007,0.44702186237988467
Shirvan-Salyan economic region,2008,0.4411849143205799
Shirvan-Salyan economic region,2009,0.4821804140964144
Shirvan-Salyan economic region,2010,0.46873691483572183
Shirvan-Salyan economic region,2011,0.43286349483029524
Shirvan-Salyan economic region,2012,0.5050495935721204
Shirvan-Salyan economic region,2013,0.49283658220042914
Shirvan-Salyan economic region,2014,0.5078049072661116
Shirvan-Salyan economic region,2015,0.48274908242853753
Shirvan-Salyan economic region,2016,0.4459245185091144
Shirvan-Salyan economic region,2017,0.46050491340721295
Shirvan-Salyan economic region,2018,0.5327138697190898
Shirvan-Salyan economic region,2019,0.6340821686017015
Shirvan-Salyan economic region,2020,0.721490905903619
Shirvan-Salyan economic region,2021,0.6602950463652258
Shirvan-Salyan economic region,2022,0.6515528070873889
Shirvan-Salyan economic region,2023,0.46461434003139324
Shirvan-Salyan economic region,2024,0.6355621183739127
