region,t,t1,th_tt_bc,th_t1t1_bc,th_tt1_bc,th_t1t_bc
Absheron-Khizi economic region,2000,2001,0.9089303549217712,0.90981409957731,0.9678892172863962,0.8571928046801395
Central Aran economic region,2000,2001,0.991205596313622,0.982005379036875,0.9914950095229048,0.977348140836634
Daghlig Shirvan economic region,2000,2001,0.9194276674593144,0.7742308694491541,0.8203982524823523,0.8467212796586654
Eastern Zangazur economic region,2000,2001,0.9772213990249052,0.9351712223977297,0.9551238205602366,26.41775018415101
Ganja-Dashkasan economic region,2000,2001,0.9088221249606058,0.8669759470123438,0.9190152023254256,0.8607075869507115
Gazakh-Tovuz economic region,2000,2001,0.9523689798484544,0.9250011175948007,0.9592210490723548,0.9080331992551351
Guba-Khachmaz economic region,2000,2001,0.9754817352346944,0.9413001067481228,1.0423962817169086,0.9312272370234712
Karabakh economic region,2000,2001,0.974811503938909,0.9646059531033392,0.9646555276076166,0.9621051118414624
Lankaran-Astara economic region,2000,2001,0.9726590509333136,0.9630698977332586,0.9641552219222423,2.131133330726228
Mil-Mughan economic region,2000,2001,0.9837712142870888,0.9358257117719156,0.9312954462774872,0.9884638396804736
Nakhchivan Autonomous Republic,2000,2001,0.9754805361721596,0.9340927485523696,0.956679737450886,0.9521235213445568
Shaki-Zagatala economic region,2000,2001,0.9673573162111206,0.9105054235098468,0.9679347704227156,0.9230056038364104
Shirvan-Salyan economic region,2000,2001,0.946947772431676,0.8655280123503746,0.8903282315772947,0.9234595658639224
Absheron-Khizi economic region,2001,2002,0.9081357681782104,0.9832117042612408,0.9611068435596628,0.9167086846450612
Central Aran economic region,2001,2002,0.9814681811168092,0.991341733399694,0.986246078216467,0.9896105662750914
Daghlig Shirvan economic region,2001,2002,0.7724639714336213,0.8344416461225126,0.7610864586159095,0.7772074692673785
Eastern Zangazur economic region,2001,2002,0.9397339715218076,0.9845298941887246,0.9452649743854912,0.990959157846961
Ganja-Dashkasan economic region,2001,2002,0.8651794622553188,0.9012560289725048,0.8938110723849487,0.870616768935617
Gazakh-Tovuz economic region,2001,2002,0.923226892782194,0.8912980746181696,0.8827508111455233,0.931778167538542
Guba-Khachmaz economic region,2001,2002,0.9366590266195178,0.989318189413527,0.8910763348316939,1.0465788694905962
Karabakh economic region,2001,2002,0.9636728513620094,0.9070206506185368,0.8999458269821841,0.9688415377019703
Lankaran-Astara economic region,2001,2002,0.9641328959040576,0.9845303351692164,7.556779322809868,0.9983915947479352
Mil-Mughan economic region,2001,2002,0.9353074018671272,0.9321828433806918,0.9249206052313204,0.9427134478306264
Nakhchivan Autonomous Republic,2001,2002,0.9336727653952342,0.9779412847174708,0.9698941403518644,0.9413752206265598
Shaki-Zagatala economic region,2001,2002,0.9087582352875244,0.9903925753836856,0.9848308698211834,0.9168647846966752
Shirvan-Salyan economic region,2001,2002,0.8642941942850544,0.8955374531375255,0.8877997064448737,0.8719336205793853
Absheron-Khizi economic region,2002,2003,0.9804838438195036,0.8704769032900901,1.2267105316160634,0.7810964053679337
Central Aran economic region,2002,2003,0.9911730672134252,0.7972513125099606,0.9807163387388388,0.8047989686862815
Daghlig Shirvan economic region,2002,2003,0.8337392555337528,0.7744288817038343,0.9115365737233028,0.7085650610090648
Eastern Zangazur economic region,2002,2003,0.9866965375436814,0.8160038100983815,0.9364473596705356,0.7965835925097133
Ganja-Dashkasan economic region,2002,2003,0.9004929669417083,0.6391914333790243,0.8377901438079651,0.6734319442443826
Gazakh-Tovuz economic region,2002,2003,0.8908740694250133,0.6779278625295215,0.8972128512097806,0.6871471302286156
Guba-Khachmaz economic region,2002,2003,0.9889658165964604,0.9056262252930564,1.036307971808926,0.8659351310301253
Karabakh economic region,2002,2003,0.9062846806603088,0.7505741783331831,0.9217672653915276,0.7360115438408497
Lankaran-Astara economic region,2002,2003,0.9796613638247432,0.7636218791541911,0.9932670660935236,8.666089348121957
Mil-Mughan economic region,2002,2003,0.9318176432048972,0.737430775512451,0.9056260779836312,0.75768354113397
Nakhchivan Autonomous Republic,2002,2003,0.978154306227564,0.7405338181900543,0.9371220251830692,0.7764787119561771
Shaki-Zagatala economic region,2002,2003,0.9885408175660196,0.7392344497944907,0.9955080809862124,0.7041329975123023
Shirvan-Salyan economic region,2002,2003,0.8955850848213076,0.6778306477376457,0.845160480895816,0.7073734116792643
Absheron-Khizi economic region,2003,2004,0.8772191570835677,0.8695753496680607,0.9077898555082976,0.8959039158526831
Central Aran economic region,2003,2004,0.7972843841586003,0.7007707639894547,0.7059751549649101,0.7904726753188995
Daghlig Shirvan economic region,2003,2004,0.7719546528480383,0.8216104299343807,0.7827877987355145,0.8086463219558506
Eastern Zangazur economic region,2003,2004,0.8112693412361682,0.790506816725526,0.7554877052585431,0.8285633569032858
Ganja-Dashkasan economic region,2003,2004,0.6454038056137495,0.6734382563871135,0.6839337312102489,0.6261568124759939
Gazakh-Tovuz economic region,2003,2004,0.6823143387060581,0.7070102578952755,0.7252906404091182,0.6640310816376179
Guba-Khachmaz economic region,2003,2004,0.8950406138496196,0.9182994073201936,0.874943210618905,0.932777691078584
Karabakh economic region,2003,2004,0.7496038455045901,0.7853012295892611,0.7900179599994701,0.745128403890951
Lankaran-Astara economic region,2003,2004,0.7666899922809303,0.7630144503298513,0.7355077157892793,1.45696727052837
Mil-Mughan economic region,2003,2004,0.7364774343092042,0.7583612523743286,0.7639166893035881,0.732080362740297
Nakhchivan Autonomous Republic,2003,2004,0.7413526410712302,0.7497957373217016,0.7587891368501283,0.7320995757277386
Shaki-Zagatala economic region,2003,2004,0.7447095709040068,0.741552808739306,0.7606468398414645,0.7195386092755607
Shirvan-Salyan economic region,2003,2004,0.6773150182762312,0.6748048127762137,0.6823854481732672,0.6693385135161614
Absheron-Khizi economic region,2004,2005,0.8768804099525451,0.7726377893581975,1.1172430398057385,0.6833530550025817
Central Aran economic region,2004,2005,0.699628769503704,0.5684811883965,0.7100484760151051,0.5587494277719436
Daghlig Shirvan economic region,2004,2005,0.8318439230009669,0.539096249389377,0.7271664669170146,0.6334293799222246
Eastern Zangazur economic region,2004,2005,0.7967063212578425,0.4120214110179867,0.5311261947773678,0.6122185973120154
Ganja-Dashkasan economic region,2004,2005,0.6753753752036981,0.5775194616089365,0.7358012239618383,0.5263669941482172
Gazakh-Tovuz economic region,2004,2005,0.710299507190824,0.4988904673132273,0.6373407525067218,0.5453249397045292
Guba-Khachmaz economic region,2004,2005,0.9296908505096428,0.7116803471186901,0.9298817826209718,0.7082667971518504
Karabakh economic region,2004,2005,0.7837994374673578,0.6473118749217776,0.8095737155568348,0.6267035029424792
Lankaran-Astara economic region,2004,2005,0.7750043187933302,0.5147077309338952,0.7972216637077523,0.5069575057097022
Mil-Mughan economic region,2004,2005,0.7574047346054541,0.603896286224826,0.7548320669602915,0.6061268008922331
Nakhchivan Autonomous Republic,2004,2005,0.750473266095583,0.5881341379208109,0.7417577028505931,0.5952822732497782
Shaki-Zagatala economic region,2004,2005,0.745038751975881,0.5601998193614488,0.7279383697166201,0.5722153827722096
Shirvan-Salyan economic region,2004,2005,0.6755492250089963,0.5159168791099975,0.6511689457868053,0.5377249866149714
Absheron-Khizi economic region,2005,2006,0.7707515928825586,0.645141219599144,0.9851794627482996,0.5790593458124342
Central Aran economic region,2005,2006,0.5706948824357929,0.4809346093336319,0.5818460366370986,0.4720116837927082
Daghlig Shirvan economic region,2005,2006,0.5322436112304149,0.3437006598116499,0.4933894174862356,0.3673407506593829
Eastern Zangazur economic region,2005,2006,0.4165552121611013,0.359663286516775,0.4691159907632932,0.3144392550096125
Ganja-Dashkasan economic region,2005,2006,0.5731207110605084,0.4931248965797468,0.6017660942315017,0.455618489325073
Gazakh-Tovuz economic region,2005,2006,0.4879388315261813,0.4252933584881424,0.5366650960645518,0.3711585584948864
Guba-Khachmaz economic region,2005,2006,0.712143874948217,0.4911337646284146,0.6569135841579148,0.5311802816934412
Karabakh economic region,2005,2006,0.6522299431098199,0.5337808348146729,0.6443939242366548,0.5388488754975291
Lankaran-Astara economic region,2005,2006,0.5910980014383347,0.3518574647641384,0.5935137125400749,0.5350152432704185
Mil-Mughan economic region,2005,2006,0.6053559117399842,0.5049852018909736,0.6111579379512104,0.5021100943657045
Nakhchivan Autonomous Republic,2005,2006,0.5841342913713247,0.45613238721699,0.5626057252086618,0.475149794451964
Shaki-Zagatala economic region,2005,2006,0.5547349467502263,0.4443242338375965,0.5604636849946865,0.4326189136272562
Shirvan-Salyan economic region,2005,2006,0.5165860218544525,0.4338395626079484,0.525596150887222,0.4270834194686255
Absheron-Khizi economic region,2006,2007,0.6794554126028012,0.6298211521280677,0.7821724357316175,0.7467209263417676
Central Aran economic region,2006,2007,0.4856907425960572,0.5203769758033585,0.4932402372289011,0.5119651511477334
Daghlig Shirvan economic region,2006,2007,0.3617400614962049,0.4676371484525948,0.5156895380367938,0.399265560035176
Eastern Zangazur economic region,2006,2007,0.3580431376239528,0.2803508072284294,0.2551402705042497,0.3144754382919963
Ganja-Dashkasan economic region,2006,2007,0.4975357203241426,0.5702576458002051,0.5396647089251985,0.5318365899776094
Gazakh-Tovuz economic region,2006,2007,0.4331868472588775,0.4958835922860596,0.4586366315536408,0.4650215992670925
Guba-Khachmaz economic region,2006,2007,0.4980676889451496,0.4778351020145666,0.4329148869346547,0.4122897436377579
Karabakh economic region,2006,2007,0.5379520342595703,0.5577686081758,0.5258565165677237,0.5684459124964792
Lankaran-Astara economic region,2006,2007,0.3044596203779843,0.3591506051835473,0.3461570504019269,0.3852228769942689
Mil-Mughan economic region,2006,2007,0.5099791800101074,0.5399647977803983,0.5110036951753456,0.537706736686412
Nakhchivan Autonomous Republic,2006,2007,0.4597004675894778,0.5117518807037732,0.4736913894812269,0.4967199264734847
Shaki-Zagatala economic region,2006,2007,0.4524480021261037,0.4997594609213454,0.4640845607496673,0.4859081982312299
Shirvan-Salyan economic region,2006,2007,0.438341119304552,0.4679698710713031,0.4443826234659759,0.4633324098941682
Absheron-Khizi economic region,2007,2008,0.6436838372459128,0.642441529991302,0.6837968071881064,0.694498168077808
Central Aran economic region,2007,2008,0.5197753002760814,0.5128177170463771,0.5176497496377928,0.5148330365365483
Daghlig Shirvan economic region,2007,2008,0.4805369964361321,0.5123091147110577,0.4967898416409286,0.501436851919994
Eastern Zangazur economic region,2007,2008,0.2827257869464777,0.2801355220998868,0.300863874647393,0.2642849673094767
Ganja-Dashkasan economic region,2007,2008,0.5716677067692011,0.5635919240921622,0.5669487026335531,0.564126477953103
Gazakh-Tovuz economic region,2007,2008,0.4953293601089092,0.5036767640120027,0.5061771491810925,0.4753408941110717
Guba-Khachmaz economic region,2007,2008,0.4824686759391861,0.4693234372101342,0.488738578975915,0.4465874219129241
Karabakh economic region,2007,2008,0.5567535416163785,0.5498441946920567,0.5529935051592311,0.5525746942570926
Lankaran-Astara economic region,2007,2008,0.3802030138689818,0.3485398382548095,0.3776752836530237,0.3878144433136063
Mil-Mughan economic region,2007,2008,0.5392909755238865,0.5415786112616281,0.5456536372024573,0.5340655934993432
Nakhchivan Autonomous Republic,2007,2008,0.5107507416995315,0.5021153222793915,0.517449455816908,0.4900094646994128
Shaki-Zagatala economic region,2007,2008,0.4991785444231362,0.5078345142990605,0.5233431176402582,0.4736010198985867
Shirvan-Salyan economic region,2007,2008,0.4689760610260196,0.4637406454100039,0.4681978967857596,0.4647497235690853
Absheron-Khizi economic region,2008,2009,0.6665786544450973,0.5658814924449516,1.0002973719056545,0.653109667257253
Central Aran economic region,2008,2009,0.5123737539919089,0.4844858596735631,0.5031623353247193,0.4927790089398364
Daghlig Shirvan economic region,2008,2009,0.5244801094901974,0.30808022730666,0.5061924406950744,0.3032296633937646
Eastern Zangazur economic region,2008,2009,0.2952671276401255,0.320662417632475,0.3343260476297588,0.2748039453331514
Ganja-Dashkasan economic region,2008,2009,0.5591694054239922,0.5579035057974578,0.583587741488089,0.5285303791742431
Gazakh-Tovuz economic region,2008,2009,0.4994536128283338,0.4811180308755829,0.5088631989055006,0.4719473845128747
Guba-Khachmaz economic region,2008,2009,0.4776381339758457,0.4717760527267201,0.4893250488867831,0.4581655082230964
Karabakh economic region,2008,2009,0.549000856337556,0.5307415207068567,0.5505091750620417,0.528252962636061
Lankaran-Astara economic region,2008,2009,0.3626295695727464,0.6867152913458261,0.4297687650773789,1.1447945300531202
Mil-Mughan economic region,2008,2009,0.5412680562790182,0.5506608385174325,0.5724501563013156,0.5206656308019626
Nakhchivan Autonomous Republic,2008,2009,0.5068570957478159,0.4792245961616946,0.5004815179090656,0.4806586834876254
Shaki-Zagatala economic region,2008,2009,0.5126325861685792,0.4810568309861699,0.5084544119579413,0.4861335254834626
Shirvan-Salyan economic region,2008,2009,0.4631490379025178,0.4745310823614839,0.4941377015715267,0.4449404219974652
Absheron-Khizi economic region,2009,2010,0.5516135169662784,0.5098276183482442,0.6556199645918062,1.1515449318095143
Central Aran economic region,2009,2010,0.4850077381861448,0.5336479974602328,0.543826546524268,0.4744587810474279
Daghlig Shirvan economic region,2009,2010,0.3131844003578929,0.6080569886512515,0.3545865923575528,0.5567288009850564
Eastern Zangazur economic region,2009,2010,0.3260765234673535,0.3371271589778711,0.3565378752725717,0.3043793546129856
Ganja-Dashkasan economic region,2009,2010,0.5620219828038748,0.5843126807092986,0.5919823716542034,0.5543227301516884
Gazakh-Tovuz economic region,2009,2010,0.4895597597078879,0.5751780357814192,0.5846976663616641,0.4789880500192549
Guba-Khachmaz economic region,2009,2010,0.4810198083708681,0.4733489577222176,0.501008323890834,0.4493592545699332
Karabakh economic region,2009,2010,0.5288670310436365,0.5276655420094162,0.535657192874506,0.5203366132940418
Lankaran-Astara economic region,2009,2010,0.6737173197772306,0.7279485902727976,0.3520304777683167,1.2529753053123351
Mil-Mughan economic region,2009,2010,0.5505470885445928,0.5635018735359969,0.575186335779594,0.5401949917951727
Nakhchivan Autonomous Republic,2009,2010,0.4792642167019486,0.4642077562229711,0.4814687193395601,0.4665295419449558
Shaki-Zagatala economic region,2009,2010,0.4885273056367005,0.4859620619738884,0.4963827469629862,0.4747844035700711
Shirvan-Salyan economic region,2009,2010,0.4749357891328138,0.4645624102929571,0.4711691307705898,0.4666219376813731
Absheron-Khizi economic region,2010,2011,0.5091454174110364,0.444379703435878,1.5575226887783762,0.5062303149856329
Central Aran economic region,2010,2011,0.5348750127737202,0.4450888579134242,0.5413387528234184,0.4395701402417494
Daghlig Shirvan economic region,2010,2011,0.5958889190347878,0.2732273445541769,0.523850827168872,0.2564324190711726
Eastern Zangazur economic region,2010,2011,0.3451455810379109,0.2831044325795981,0.3419977344827423,0.2832574583304795
Ganja-Dashkasan economic region,2010,2011,0.5844119184748642,0.494162872444349,0.6085492461389448,0.4751752829614348
Gazakh-Tovuz economic region,2010,2011,0.5786756736171206,0.4904520884129415,0.6122624307102972,0.4627586467834946
Guba-Khachmaz economic region,2010,2011,0.4908530073404873,0.3894591128790967,0.4820178768684888,0.3876118399530558
Karabakh economic region,2010,2011,0.5287494585991848,0.4407976231292078,0.5355249119004231,0.4351177983768221
Lankaran-Astara economic region,2010,2011,0.6953895360974818,0.2729946053292438,0.7973715203342788,0.2092776823505654
Mil-Mughan economic region,2010,2011,0.5650025518518622,0.4760352158241074,0.5772572901209749,0.463516701299125
Nakhchivan Autonomous Republic,2010,2011,0.4821375192673847,0.3733109619436014,0.4798367677336763,0.3740212292488234
Shaki-Zagatala economic region,2010,2011,0.4957898886562246,0.3884281089681751,0.4971662276883333,0.3867393877174937
Shirvan-Salyan economic region,2010,2011,0.4649955313885108,0.4047516981402518,0.4925479978157017,0.3809119959707621
Absheron-Khizi economic region,2011,2012,0.3693776372785311,0.4453703522659191,0.563384848455903,0.9621835952886172
Central Aran economic region,2011,2012,0.4411464872805235,0.4933554511179006,0.4702205341365194,0.4627834875102663
Daghlig Shirvan economic region,2011,2012,0.2668836086739139,0.3981391859602199,0.2415137512740955,0.3214025729539269
Eastern Zangazur economic region,2011,2012,0.2809290674051783,0.307986269919149,0.2938338035136548,0.2875458606264229
Ganja-Dashkasan economic region,2011,2012,0.4888006073465951,0.5360455914881858,0.5101997154495783,0.5127852389717101
Gazakh-Tovuz economic region,2011,2012,0.4851721978361225,0.5219871549875184,0.4947736470243686,0.5114482098930992
Guba-Khachmaz economic region,2011,2012,0.3814336965742452,0.4145142300812285,0.3857518452103794,0.408131689959329
Karabakh economic region,2011,2012,0.439318228385165,0.4573875461185986,0.4379733278537449,0.4578093544258342
Lankaran-Astara economic region,2011,2012,0.2419453173758845,0.6927871003843658,0.3263662870274562,0.5081733743033852
Mil-Mughan economic region,2011,2012,0.4728443013876463,0.5022682861028542,0.4805192215864551,0.4942502645572717
Nakhchivan Autonomous Republic,2011,2012,0.3666053728115418,0.4055275096050245,0.3736098245451957,0.3941295239375747
Shaki-Zagatala economic region,2011,2012,0.3871758531890871,0.4338677852247223,0.4022909614198764,0.4140217428464724
Shirvan-Salyan economic region,2011,2012,0.4017122075028891,0.4439688703231232,0.4230647031591514,0.4195204491870599
Absheron-Khizi economic region,2012,2013,0.4591695203352006,0.5276062436734938,0.8867540695637279,0.6113416627826931
Central Aran economic region,2012,2013,0.4878122935448665,0.4859792399816778,0.5145132459811359,0.4605628324015302
Daghlig Shirvan economic region,2012,2013,0.3978912483079582,0.3120195443475515,0.3473020123771156,0.288049398801031
Eastern Zangazur economic region,2012,2013,0.2924091425015357,0.3094467255563812,0.294708880157898,0.3027247660708151
Ganja-Dashkasan economic region,2012,2013,0.5297729213329965,0.5213349697126005,0.5514574504257874,0.4990432214118472
Gazakh-Tovuz economic region,2012,2013,0.5208740189365173,0.5095104748574131,0.5419292981802186,0.4899308836987199
Guba-Khachmaz economic region,2012,2013,0.3968004577792156,0.4083936426574923,0.4038385589020327,0.3957144259329699
Karabakh economic region,2012,2013,0.4557939840794907,0.4835533311314135,0.513384955681774,0.4293072859368599
Lankaran-Astara economic region,2012,2013,0.6593383873376473,0.3552889288784253,0.5431124689164941,0.4382014320794642
Mil-Mughan economic region,2012,2013,0.4999240728127205,0.4811647461213526,0.5111757506926151,0.4714665454402214
Nakhchivan Autonomous Republic,2012,2013,0.3973934682550918,0.3757705818515647,0.391176076810098,0.3812398338941433
Shaki-Zagatala economic region,2012,2013,0.4259367170275776,0.426198804589867,0.4450261762541477,0.4047846206185673
Shirvan-Salyan economic region,2012,2013,0.4374194536483992,0.4198564662594042,0.4451421694687975,0.4133987631864239
Absheron-Khizi economic region,2013,2014,0.5377644239159101,0.5424762081926047,0.6854887813989823,0.6385947722658205
Central Aran economic region,2013,2014,0.4908478570375004,0.5189869196525185,0.4967608199648095,0.5126917817636294
Daghlig Shirvan economic region,2013,2014,0.3209719259123216,0.3572449449913868,0.3269412492368097,0.3500011360119093
Eastern Zangazur economic region,2013,2014,0.3135739074015294,0.4081450028091171,0.3775198280644827,0.3397865271090405
Ganja-Dashkasan economic region,2013,2014,0.5287222814119035,0.5674890569309562,0.5443244948127257,0.5512730667465437
Gazakh-Tovuz economic region,2013,2014,0.5171792649129612,0.5612504281802612,0.5319439027235642,0.5428649183768081
Guba-Khachmaz economic region,2013,2014,0.413594191570529,0.4790238695095775,0.4393292235441546,0.448401355592365
Karabakh economic region,2013,2014,0.4844543075624032,0.548916452664085,0.5258652315747923,0.505690287202736
Lankaran-Astara economic region,2013,2014,0.3609677586088242,0.3387265190194513,0.3885952405630981,0.3047625801050591
Mil-Mughan economic region,2013,2014,0.4830174536482039,0.5118285297602432,0.4899089948072597,0.5045517908135293
Nakhchivan Autonomous Republic,2013,2014,0.3810982493657714,0.4026443077575761,0.3789720706090167,0.4049381644471038
Shaki-Zagatala economic region,2013,2014,0.4316841046027065,0.490719754397399,0.4663944784907694,0.4550953381908633
Shirvan-Salyan economic region,2013,2014,0.4264839395896214,0.4420292621576153,0.4235143902531946,0.4441455101561816
Absheron-Khizi economic region,2014,2015,0.5478462730106832,0.234932290350216,1.5011571480070938,0.5451402643557384
Central Aran economic region,2014,2015,0.5245617946060577,0.5049244392017729,0.5296372257870587,0.5003326475039793
Daghlig Shirvan economic region,2014,2015,0.3708027454889914,0.3801574284156404,0.3915037706477784,0.3356335713371046
Eastern Zangazur economic region,2014,2015,0.4092044170022102,0.3956475416216711,0.3997709039823323,0.3960750713683481
Ganja-Dashkasan economic region,2014,2015,0.5777000933749372,0.5858547730479,0.6123769782736239,0.5526093708354134
Gazakh-Tovuz economic region,2014,2015,0.5697763223110016,0.5596489419778994,0.586677706792119,0.5407051545175454
Guba-Khachmaz economic region,2014,2015,0.4760099698189508,0.479382943478886,0.4887306431171814,0.4708806697314347
Karabakh economic region,2014,2015,0.5549508863451665,0.6112088361590824,0.6390007388887753,0.5298725417741483
Lankaran-Astara economic region,2014,2015,0.3409496686251634,0.2797539954256191,0.3596297203772768,0.2727645260972317
Mil-Mughan economic region,2014,2015,0.517326510427998,0.4962619717378368,0.5205507865500858,0.4934315561064049
Nakhchivan Autonomous Republic,2014,2015,0.4070734782897214,0.3915953595870461,0.4086605858079914,0.3900287876633237
Shaki-Zagatala economic region,2014,2015,0.4999035383004582,0.4778910181275128,0.4996794332877117,0.47831552628251
Shirvan-Salyan economic region,2014,2015,0.4479254474016625,0.4259319964323168,0.4474101958383923,0.425657548137173
Absheron-Khizi economic region,2015,2016,0.2422701597383036,0.3354908154162839,0.5549769015324062,0.5349651906536255
Central Aran economic region,2015,2016,0.5062881518097646,0.4929046766876526,0.5215968993655229,0.4763121102522359
Daghlig Shirvan economic region,2015,2016,0.3790935563150419,0.3541190118586977,0.3536676189935903,0.3568986170755417
Eastern Zangazur economic region,2015,2016,0.3903149411307147,0.3662933967996169,0.3977176036139714,0.3582068384565759
Ganja-Dashkasan economic region,2015,2016,0.5839611162986197,0.5936623844449107,0.6268923706452088,0.5526483071380276
Gazakh-Tovuz economic region,2015,2016,0.5666298037802082,0.5567000593826361,0.5947182677376835,0.5301686918845347
Guba-Khachmaz economic region,2015,2016,0.4779124351856414,0.4636630407219555,0.5012633631201099,0.4377583196690879
Karabakh economic region,2015,2016,0.613907739834594,0.6360384202269646,0.6761004450559434,0.5753311433021513
Lankaran-Astara economic region,2015,2016,0.2931260394147055,0.2702199207502385,0.3027546565535522,0.2160315394329329
Mil-Mughan economic region,2015,2016,0.4976655957036386,0.4761138123357203,0.5031263023389788,0.4682241484270945
Nakhchivan Autonomous Republic,2015,2016,0.3925340672279248,0.3797329976300182,0.4014719800496705,0.3638975596878873
Shaki-Zagatala economic region,2015,2016,0.4780354288788123,0.4630825142640737,0.4871291778774124,0.4526609671248955
Shirvan-Salyan economic region,2015,2016,0.4255413700686439,0.3975074652341136,0.4212121576810718,0.4023755773450209
Absheron-Khizi economic region,2016,2017,0.3336037951213857,0.3197081016217766,0.5994019722115744,0.4794574790112915
Central Aran economic region,2016,2017,0.4812721749837246,0.4790502726232759,0.4621502583026636,0.4973193969731617
Daghlig Shirvan economic region,2016,2017,0.3381124748263209,0.3885463063128755,0.3794254809889228,0.2940292831818958
Eastern Zangazur economic region,2016,2017,0.351416241487297,0.3735984529935807,0.365768263138857,0.3568649341601757
Ganja-Dashkasan economic region,2016,2017,0.5785425936484958,0.6264166172333951,0.6000483153884341,0.5996784368183038
Gazakh-Tovuz economic region,2016,2017,0.5362257597065467,0.5540815767388091,0.5259202795343947,0.562254551839311
Guba-Khachmaz economic region,2016,2017,0.4475259791255757,0.4868068605403384,0.4715336161026371,0.4582949880486817
Karabakh economic region,2016,2017,0.6216256530228571,0.6411161210488536,0.6222077337353551,0.6396404674642695
Lankaran-Astara economic region,2016,2017,0.274519726024686,0.2746422737699401,0.3165024856697696,0.1500640434866745
Mil-Mughan economic region,2016,2017,0.4642771316080756,0.4739139161367012,0.4571401766394172,0.479351708632397
Nakhchivan Autonomous Republic,2016,2017,0.3627102544838352,0.3846033853454208,0.3639130340783389,0.3821672514018394
Shaki-Zagatala economic region,2016,2017,0.4420150669826652,0.4750698093695797,0.4488046888757653,0.4669808115716818
Shirvan-Salyan economic region,2016,2017,0.3877785730848853,0.4012595388029876,0.386773727865386,0.4018239496192895
Absheron-Khizi economic region,2017,2018,0.3585317528354736,0.398266213934469,0.460709149119614,0.5857017469215207
Central Aran economic region,2017,2018,0.4708723009662394,0.5420952360127372,0.5259699973960638,0.4853083491223191
Daghlig Shirvan economic region,2017,2018,0.3877962036502352,0.4024167053371575,0.3382847918275888,0.4121089444315902
Eastern Zangazur economic region,2017,2018,0.3767117851164721,0.364601235279565,0.3492986466288265,0.3920367728162628
Ganja-Dashkasan economic region,2017,2018,0.6154919091329759,0.6386315725630705,0.6208069344679009,0.6328948094061352
Gazakh-Tovuz economic region,2017,2018,0.5457582488541939,0.6081535356039256,0.591625826356574,0.5604979603686178
Guba-Khachmaz economic region,2017,2018,0.4843811886332348,0.5210855605344267,0.5079752127015318,0.4973741135400562
Karabakh economic region,2017,2018,0.629374345204907,0.6531647958793809,0.6330515334431808,0.6490976197610737
Lankaran-Astara economic region,2017,2018,0.287897121309723,0.2880107756185176,0.2000940971603105,0.3349440870486425
Mil-Mughan economic region,2017,2018,0.4661325503712726,0.482408430705861,0.4679793795351239,0.4806546424453828
Nakhchivan Autonomous Republic,2017,2018,0.3788127052190652,0.3888251687896362,0.3795374945182214,0.3886967897352634
Shaki-Zagatala economic region,2017,2018,0.4687346742780303,0.4788596507465645,0.4689350145614975,0.4793877867377218
Shirvan-Salyan economic region,2017,2018,0.3930229963158689,0.4290753774345621,0.4164783329476472,0.4049671850799033
Absheron-Khizi economic region,2018,2019,0.2952604834103369,0.4092334816517904,0.2931980244340013,0.4274231982772072
Central Aran economic region,2018,2019,0.5425738374246551,0.5838016562776505,0.5552329786895815,0.5703646342554809
Daghlig Shirvan economic region,2018,2019,0.3766603287592901,0.4474458491806825,0.3968914680766633,0.4236418033418778
Eastern Zangazur economic region,2018,2019,0.3533399366052311,0.3713405978288361,0.3350242146561067,0.3767882160931006
Ganja-Dashkasan economic region,2018,2019,0.640201601274285,0.7205087662788927,0.6849587750952175,0.6722537406831145
Gazakh-Tovuz economic region,2018,2019,0.6056979943587434,0.6194072742850278,0.5868508469372997,0.6389417556246586
Guba-Khachmaz economic region,2018,2019,0.5138517320014241,0.5706477016576941,0.5371717626212682,0.5456068958239775
Karabakh economic region,2018,2019,0.6535551201538137,0.7427893378435428,0.7060736823249765,0.6873564011638301
Lankaran-Astara economic region,2018,2019,0.2586941690934712,0.3482743152363461,0.2871618302649985,0.3054299552631032
Mil-Mughan economic region,2018,2019,0.4833815129252354,0.5140700522802617,0.4883852772993546,0.5077755280135436
Nakhchivan Autonomous Republic,2018,2019,0.3863589473285368,0.4107225933095285,0.3892065503996577,0.4077950863549082
Shaki-Zagatala economic region,2018,2019,0.476437036123067,0.4987841017139778,0.4727326574291084,0.5031052008451604
Shirvan-Salyan economic region,2018,2019,0.4299644974618293,0.4809300583369099,0.457951354886408,0.4523392250110589
Absheron-Khizi economic region,2019,2020,0.3641268863304743,0.5655677860023092,0.5543755856356667,0.7292658228324127
Central Aran economic region,2019,2020,0.5825049657955839,0.5929477461685446,0.5821518698960533,0.5931416492493633
Daghlig Shirvan economic region,2019,2020,0.4666813569845192,0.497366927525676,0.4697690013679705,0.4772405523299502
Eastern Zangazur economic region,2019,2020,0.3885527793478498,0.3895496419116171,0.3813846666701566,0.3967338230585799
Ganja-Dashkasan economic region,2019,2020,0.7203679900329873,0.7268540914923729,0.7116135741346628,0.7358366820305456
Gazakh-Tovuz economic region,2019,2020,0.6248699477550516,0.6483735890158657,0.6332912475861752,0.6382367795813595
Guba-Khachmaz economic region,2019,2020,0.5856984418214441,0.6157084283912594,0.5969355626766493,0.6028661858894172
Karabakh economic region,2019,2020,0.7411636080282118,0.7825569709950666,0.7679007601160713,0.7553095116387982
Lankaran-Astara economic region,2019,2020,0.3449715378485328,0.3600308445403708,0.3416381820152958,0.3636124156307041
Mil-Mughan economic region,2019,2020,0.5133628395199494,0.5159039343321914,0.5066418996121107,0.5225493053346606
Nakhchivan Autonomous Republic,2019,2020,0.4161034453025638,0.4256307291167009,0.4152130034898076,0.4245876984080107
Shaki-Zagatala economic region,2019,2020,0.5059418668152231,0.5283255558498836,0.5136291810856324,0.5200078288220799
Shirvan-Salyan economic region,2019,2020,0.4805836317400347,0.5174690220462623,0.5081268938395631,0.4899453981102044
Absheron-Khizi economic region,2020,2021,0.5691390593757477,0.5412952313659671,0.6147239489498277,0.5242053526929176
Central Aran economic region,2020,2021,0.5988093784235755,0.5431317184055948,0.5785745841615608,0.5623082632009501
Daghlig Shirvan economic region,2020,2021,0.5055980907627327,0.4792642203113521,0.5120963614412737,0.4612520770041174
Eastern Zangazur economic region,2020,2021,0.3965216216768852,0.2945313655498757,0.305459591822215,0.3657950073275701
Ganja-Dashkasan economic region,2020,2021,0.7340386322879656,0.7529094402806678,0.8018057356155472,0.6883420736546435
Gazakh-Tovuz economic region,2020,2021,0.6552436088749087,0.6185648670407001,0.6589375874440344,0.6132555130110537
Guba-Khachmaz economic region,2020,2021,0.6202566825331568,0.5933772784434332,0.6273239877914956,0.5834355694576161
Karabakh economic region,2020,2021,0.7896398816401162,0.7219154497591218,0.7676406135469187,0.742341963481078
Lankaran-Astara economic region,2020,2021,0.3682898933908394,0.3613440374837012,0.3848642869153149,0.3311479566530626
Mil-Mughan economic region,2020,2021,0.5210208349545922,0.4901963650038907,0.5222654788729053,0.4892455484777438
Nakhchivan Autonomous Republic,2020,2021,0.4305058089246685,0.4073868427797001,0.4342318280551727,0.4005737165257908
Shaki-Zagatala economic region,2020,2021,0.5326098097443762,0.5088732514178542,0.5474083367246863,0.4950502756911524
Shirvan-Salyan economic region,2020,2021,0.5226291357587567,0.4844114405221698,0.5159232549000792,0.4904932902951707
Absheron-Khizi economic region,2021,2022,0.556038080118729,0.70829840138006,0.7631769802710784,1.110098216982995
Central Aran economic region,2021,2022,0.5445021370216547,0.5447581274449409,0.5426442352019482,0.5446598719368329
Daghlig Shirvan economic region,2021,2022,0.4943206510746356,0.5705295545839635,0.53422753560264,0.5442166040650324
Eastern Zangazur economic region,2021,2022,0.2961993051684802,0.3093984627787556,0.3294012092841639,0.2758942096324111
Ganja-Dashkasan economic region,2021,2022,0.7562111566736561,0.7677280037609922,0.768482996442919,0.7546889775422583
Gazakh-Tovuz economic region,2021,2022,0.6213041364316252,0.6295227267263659,0.635313032627386,0.6152433896031522
Guba-Khachmaz economic region,2021,2022,0.5868495881018081,0.5961235377969849,0.6145999071594813,0.5697201210177221
Karabakh economic region,2021,2022,0.7246022834647625,0.732890916131628,0.7326029613122262,0.7248870935606699
Lankaran-Astara economic region,2021,2022,0.3680221667158706,0.4429418758697074,0.3343793382187717,0.3661141625126284
Mil-Mughan economic region,2021,2022,0.4929106088456607,0.4884870971267717,0.4889347150118147,0.4915396454518739
Nakhchivan Autonomous Republic,2021,2022,0.4091339746942309,0.4059122867759649,0.409665571237352,0.4048584269021719
Shaki-Zagatala economic region,2021,2022,0.5103559818404286,0.5134455192914744,0.5223557569393731,0.4999610624488095
Shirvan-Salyan economic region,2021,2022,0.4872217047160417,0.4839391305799478,0.4825322990191079,0.4856188828251579
Absheron-Khizi economic region,2022,2023,0.7118228434938625,0.5289779691836638,1.2758240951056323,0.5535903894744127
Central Aran economic region,2022,2023,0.5462605314188014,0.4383228841736729,0.5589260534297538,0.4281273260791866
Daghlig Shirvan economic region,2022,2023,0.5698379794642302,0.4057003380881523,0.6377585872475242,0.3842295906709748
Eastern Zangazur economic region,2022,2023,0.3221935982354144,0.2680010006955429,0.3472633755947479,0.2451706868470082
Ganja-Dashkasan economic region,2022,2023,0.7725580673442357,0.6424578116589368,0.820421507999269,0.6056755365483455
Gazakh-Tovuz economic region,2022,2023,0.635054969643308,0.497744258632487,0.647947738941527,0.4876483411182266
Guba-Khachmaz economic region,2022,2023,0.6086774028667958,0.4813406951039272,0.6233113400045265,0.4687479560551568
Karabakh economic region,2022,2023,0.7359383950927209,0.596667442405793,0.7625885411908088,0.5752947599575065
Lankaran-Astara economic region,2022,2023,0.4305036097382713,0.2536559946572426,0.4560617065511956,0.2462810469744981
Mil-Mughan economic region,2022,2023,0.4908118003310792,0.3863130342022624,0.4933619434252198,0.3839481879840981
Nakhchivan Autonomous Republic,2022,2023,0.4088460883567764,0.4651378414394205,0.5932978470270855,0.3145733056277065
Shaki-Zagatala economic region,2022,2023,0.5163437112398465,0.4208327310023279,0.5443225803426595,0.3990119190994751
Shirvan-Salyan economic region,2022,2023,0.4850154141338085,0.3622667868683459,0.464079104465608,0.3802988125400781
Absheron-Khizi economic region,2023,2024,0.5136791966511531,0.5218703415406716,0.7849943910518471,0.9176948823507729
Central Aran economic region,2023,2024,0.44836404532012397,0.578267582132976,0.45134097212069435,0.5743663195481874
Daghlig Shirvan economic region,2023,2024,0.4030342725315832,0.6793323066945507,0.4415305718295831,0.6145213448478991
Eastern Zangazur economic region,2023,2024,0.2704059027322932,0.3999829698820929,0.29465506100131184,0.3811186300631798
Ganja-Dashkasan economic region,2023,2024,0.6553539608225303,0.8620051891019757,0.6730719889845589,0.8393277632614848
Gazakh-Tovuz economic region,2023,2024,0.5088518174967995,0.6819549181931406,0.5198290841393012,0.66805507481977
Guba-Khachmaz economic region,2023,2024,0.49608657626223196,0.6904413116809369,0.509938963084013,0.6662782772127843
Karabakh economic region,2023,2024,0.6086546616325805,0.7602611653579108,0.5935969520299683,0.7795057368082328
Lankaran-Astara economic region,2023,2024,0.2608712966710598,0.417664985239266,0.273040931087994,0.3960909589241822
Mil-Mughan economic region,2023,2024,0.39407417332605343,0.511780438381459,0.39960905333256375,0.5046919019919616
Nakhchivan Autonomous Republic,2023,2024,0.473920487209174,0.6211085169949511,0.48432689850616195,0.6074990883585564
Shaki-Zagatala economic region,2023,2024,0.4318772865207454,0.5941120545521443,0.44930616100954235,0.5729580632201839
Shirvan-Salyan economic region,2023,2024,0.3702887280091167,0.49160005491609793,0.381770194829345,0.4774034181740203
